{
    "name": "root",
    "gauges": {
        "MoveToGoal.Policy.Entropy.mean": {
            "value": 1.4137802124023438,
            "min": 1.4137802124023438,
            "max": 1.4188613891601562,
            "count": 2
        },
        "MoveToGoal.Policy.Entropy.sum": {
            "value": 70821.90625,
            "min": 70821.90625,
            "max": 72583.2734375,
            "count": 2
        },
        "MoveToGoal.Step.mean": {
            "value": 99941.0,
            "min": 49984.0,
            "max": 99941.0,
            "count": 2
        },
        "MoveToGoal.Step.sum": {
            "value": 99941.0,
            "min": 49984.0,
            "max": 99941.0,
            "count": 2
        },
        "MoveToGoal.Policy.ExtrinsicValueEstimate.mean": {
            "value": 0.04452327638864517,
            "min": -0.11956534534692764,
            "max": 0.04452327638864517,
            "count": 2
        },
        "MoveToGoal.Policy.ExtrinsicValueEstimate.sum": {
            "value": 44.523277282714844,
            "min": -116.6957778930664,
            "max": 44.523277282714844,
            "count": 2
        },
        "MoveToGoal.Environment.EpisodeLength.mean": {
            "value": 198.03187250996015,
            "min": 181.54545454545453,
            "max": 198.03187250996015,
            "count": 2
        },
        "MoveToGoal.Environment.EpisodeLength.sum": {
            "value": 49706.0,
            "min": 47928.0,
            "max": 49706.0,
            "count": 2
        },
        "MoveToGoal.Environment.CumulativeReward.mean": {
            "value": -0.01593625498007968,
            "min": -0.3143939393939394,
            "max": -0.01593625498007968,
            "count": 2
        },
        "MoveToGoal.Environment.CumulativeReward.sum": {
            "value": -4.0,
            "min": -83.0,
            "max": -4.0,
            "count": 2
        },
        "MoveToGoal.Policy.ExtrinsicReward.mean": {
            "value": -0.01593625498007968,
            "min": -0.3143939393939394,
            "max": -0.01593625498007968,
            "count": 2
        },
        "MoveToGoal.Policy.ExtrinsicReward.sum": {
            "value": -4.0,
            "min": -83.0,
            "max": -4.0,
            "count": 2
        },
        "MoveToGoal.Losses.PolicyLoss.mean": {
            "value": 0.02496663265085469,
            "min": 0.02496663265085469,
            "max": 0.026325381706313537,
            "count": 2
        },
        "MoveToGoal.Losses.PolicyLoss.sum": {
            "value": 0.12483316325427345,
            "min": 0.10530152682525415,
            "max": 0.12483316325427345,
            "count": 2
        },
        "MoveToGoal.Losses.ValueLoss.mean": {
            "value": 0.001883169215628489,
            "min": 0.001883169215628489,
            "max": 0.01808268943374666,
            "count": 2
        },
        "MoveToGoal.Losses.ValueLoss.sum": {
            "value": 0.009415846078142446,
            "min": 0.009415846078142446,
            "max": 0.07233075773498664,
            "count": 2
        },
        "MoveToGoal.Policy.LearningRate.mean": {
            "value": 0.0002564064145312001,
            "min": 0.0002564064145312001,
            "max": 0.0002842224052592,
            "count": 2
        },
        "MoveToGoal.Policy.LearningRate.sum": {
            "value": 0.0012820320726560004,
            "min": 0.0011368896210368,
            "max": 0.0012820320726560004,
            "count": 2
        },
        "MoveToGoal.Policy.Epsilon.mean": {
            "value": 0.1854688,
            "min": 0.1854688,
            "max": 0.1947408,
            "count": 2
        },
        "MoveToGoal.Policy.Epsilon.sum": {
            "value": 0.927344,
            "min": 0.7789632,
            "max": 0.927344,
            "count": 2
        },
        "MoveToGoal.Policy.Beta.mean": {
            "value": 0.0042748931200000005,
            "min": 0.0042748931200000005,
            "max": 0.00473756592,
            "count": 2
        },
        "MoveToGoal.Policy.Beta.sum": {
            "value": 0.021374465600000003,
            "min": 0.01895026368,
            "max": 0.021374465600000003,
            "count": 2
        },
        "MoveToGoal.IsTraining.mean": {
            "value": 1.0,
            "min": 1.0,
            "max": 1.0,
            "count": 2
        },
        "MoveToGoal.IsTraining.sum": {
            "value": 1.0,
            "min": 1.0,
            "max": 1.0,
            "count": 2
        }
    },
    "metadata": {
        "timer_format_version": "0.1.0",
        "start_time_seconds": "1715515849",
        "python_version": "3.10.11 (tags/v3.10.11:7d4cc5a, Apr  5 2023, 00:38:17) [MSC v.1929 64 bit (AMD64)]",
        "command_line_arguments": "C:\\Users\\rcas2\\Monografia\\venv\\Scripts\\mlagents-learn --run-id=MoveToGoal3",
        "mlagents_version": "1.0.0",
        "mlagents_envs_version": "1.0.0",
        "communication_protocol_version": "1.5.0",
        "pytorch_version": "2.2.2+cu121",
        "numpy_version": "1.22.0",
        "end_time_seconds": "1715516020"
    },
    "total": 171.6545498999767,
    "count": 1,
    "self": 0.004786400008015335,
    "children": {
        "run_training.setup": {
            "total": 0.01520999998319894,
            "count": 1,
            "self": 0.01520999998319894
        },
        "TrainerController.start_learning": {
            "total": 171.6345534999855,
            "count": 1,
            "self": 0.1226361993176397,
            "children": {
                "TrainerController._reset_env": {
                    "total": 8.553211299993563,
                    "count": 1,
                    "self": 8.553211299993563
                },
                "TrainerController.advance": {
                    "total": 162.80577370067476,
                    "count": 7125,
                    "self": 0.10462960210861638,
                    "children": {
                        "env_step": {
                            "total": 136.32853779898142,
                            "count": 7125,
                            "self": 124.259011799586,
                            "children": {
                                "SubprocessEnvManager._take_step": {
                                    "total": 11.985333500546403,
                                    "count": 7126,
                                    "self": 0.3920820018684026,
                                    "children": {
                                        "TorchPolicy.evaluate": {
                                            "total": 11.593251498678,
                                            "count": 6785,
                                            "self": 11.593251498678
                                        }
                                    }
                                },
                                "workers": {
                                    "total": 0.08419249884900637,
                                    "count": 7124,
                                    "self": 0.0,
                                    "children": {
                                        "worker_root": {
                                            "total": 82.3220876987325,
                                            "count": 7124,
                                            "is_parallel": true,
                                            "self": 49.59017859896994,
                                            "children": {
                                                "steps_from_proto": {
                                                    "total": 0.0020954000065103173,
                                                    "count": 2,
                                                    "is_parallel": true,
                                                    "self": 0.0014573000080417842,