{
    "name": "root",
    "gauges": {
        "MoveToGoal.Policy.Entropy.mean": {
            "value": 1.4052734375,
            "min": 1.4052734375,
            "max": 1.4196524620056152,
            "count": 3
        },
        "MoveToGoal.Policy.Entropy.sum": {
            "value": 70092.2265625,
            "min": 70092.2265625,
            "max": 71661.21875,
            "count": 3
        },
        "MoveToGoal.Environment.EpisodeLength.mean": {
            "value": 75.3914373088685,
            "min": 75.3914373088685,
            "max": 145.79646017699116,
            "count": 3
        },
        "MoveToGoal.Environment.EpisodeLength.sum": {
            "value": 49306.0,
            "min": 49064.0,
            "max": 49425.0,
            "count": 3
        },
        "MoveToGoal.Step.mean": {
            "value": 149936.0,
            "min": 49956.0,
            "max": 149936.0,
            "count": 3
        },
        "MoveToGoal.Step.sum": {
            "value": 149936.0,
            "min": 49956.0,
            "max": 149936.0,
            "count": 3
        },
        "MoveToGoal.Policy.ExtrinsicValueEstimate.mean": {
            "value": 0.5826220512390137,
            "min": 0.3261544108390808,
            "max": 0.5826220512390137,
            "count": 3
        },
        "MoveToGoal.Policy.ExtrinsicValueEstimate.sum": {
            "value": 654.8671875,
            "min": 344.0928955078125,
            "max": 654.8671875,
            "count": 3
        },
        "MoveToGoal.Environment.CumulativeReward.mean": {
            "value": 0.8409785932721713,
            "min": 0.033216783216783216,
            "max": 0.8409785932721713,
            "count": 3
        },
        "MoveToGoal.Environment.CumulativeReward.sum": {
            "value": 550.0,
            "min": 19.0,
            "max": 550.0,
            "count": 3
        },
        "MoveToGoal.Policy.ExtrinsicReward.mean": {
            "value": 0.8409785932721713,
            "min": 0.033216783216783216,
            "max": 0.8409785932721713,
            "count": 3
        },
        "MoveToGoal.Policy.ExtrinsicReward.sum": {
            "value": 550.0,
            "min": 19.0,
            "max": 550.0,
            "count": 3
        },
        "MoveToGoal.Losses.PolicyLoss.mean": {
            "value": 0.02363149110848705,
            "min": 0.022629725847703716,
            "max": 0.023678245985259614,
            "count": 3
        },
        "MoveToGoal.Losses.PolicyLoss.sum": {
            "value": 0.11815745554243524,
            "min": 0.09051890339081486,
            "max": 0.11839122992629807,
            "count": 3
        },
        "MoveToGoal.Losses.ValueLoss.mean": {
            "value": 0.011320055418958266,
            "min": 0.011320055418958266,
            "max": 0.029089185642078515,
            "count": 3
        },
        "MoveToGoal.Losses.ValueLoss.sum": {
            "value": 0.05660027709479133,
            "min": 0.05660027709479133,
            "max": 0.11635674256831406,
            "count": 3
        },
        "MoveToGoal.Policy.LearningRate.mean": {
            "value": 0.00022601366466212005,
            "min": 0.00022601366466212005,
            "max": 0.00028458765513745,
            "count": 3
        },
        "MoveToGoal.Policy.LearningRate.sum": {
            "value": 0.0011300683233106002,
            "min": 0.0011300683233106002,
            "max": 0.0012841932719356,
            "count": 3
        },
        "MoveToGoal.Policy.Epsilon.mean": {
            "value": 0.17533788,
            "min": 0.17533788,
            "max": 0.19486255000000002,
            "count": 3
        },
        "MoveToGoal.Policy.Epsilon.sum": {
            "value": 0.8766894000000001,
            "min": 0.7794502000000001,
            "max": 0.9280643999999998,
            "count": 3
        },
        "MoveToGoal.Policy.Beta.mean": {
            "value": 0.0037693602120000003,
            "min": 0.0037693602120000003,
            "max": 0.004743641245,
            "count": 3
        },
        "MoveToGoal.Policy.Beta.sum": {
            "value": 0.01884680106,
            "min": 0.01884680106,
            "max": 0.02141041356,
            "count": 3
        },
        "MoveToGoal.IsTraining.mean": {
            "value": 1.0,
            "min": 1.0,
            "max": 1.0,
            "count": 3
        },
        "MoveToGoal.IsTraining.sum": {
            "value": 1.0,
            "min": 1.0,
            "max": 1.0,
            "count": 3
        }
    },
    "metadata": {
        "timer_format_version": "0.1.0",
        "start_time_seconds": "1715518650",
        "python_version": "3.10.11 (tags/v3.10.11:7d4cc5a, Apr  5 2023, 00:38:17) [MSC v.1929 64 bit (AMD64)]",
        "command_line_arguments": "C:\\Users\\rcas2\\Monografia\\venv\\Scripts\\mlagents-learn --initialize-from=TestMoveToGoal2 --run-id=MoveToGoalRandom",
        "mlagents_version": "1.0.0",
        "mlagents_envs_version": "1.0.0",
        "communication_protocol_version": "1.5.0",
        "pytorch_version": "2.2.2+cu121",
        "numpy_version": "1.22.0",
        "end_time_seconds": "1715518963"
    },
    "total": 312.67521889999625,
    "count": 1,
    "self": 0.006212999956915155,
    "children": {
        "run_training.setup": {
            "total": 0.018501100013963878,
            "count": 1,
            "self": 0.018501100013963878
        },
        "TrainerController.start_learning": {
            "total": 312.6505048000254,
            "count": 1,
            "self": 0.4348403012554627,
            "children": {
                "TrainerController._reset_env": {
                    "total": 10.817784399987431,
                    "count": 1,
                    "self": 10.817784399987431
                },
                "TrainerController.advance": {
                    "total": 301.2514251987741,
                    "count": 26933,
                    "self": 0.37827539432328194,
                    "children": {
                        "env_step": {
                            "total": 265.4126570003282,
                            "count": 26933,
                            "self": 227.97174149597413,
                            "children": {
                                "SubprocessEnvManager._take_step": {
                                    "total": 37.1320588029339,
                                    "count": 26935,
                                    "self": 1.3301905987027567,
                                    "children": {
                                        "TorchPolicy.evaluate": {
                                            "total": 35.80186820423114,
                                            "count": 25755,
                                            "self": 35.80186820423114
                                        }
                                    }
                                },
                                "workers": {
                                    "total": 0.3088567014201544,
                                    "count": 26932,
                                    "self": 0.0,
                                    "children": {
                                        "worker_root": {
                                            "total": 192.06566119851777,
                                            "count": 26932,
                                            "is_parallel": true,
                                            "self": 97.81809749800595,
                                            "children": {
                                                "steps_from_proto": {
                                                    "total": 0.003376300010131672,
                                                    "count": 3,
                                                    "is_parallel": true,
                                                    "self": 0.000299000006634742,