{
    "name": "root",
    "metadata": {
        "timer_format_version": "0.1.0",
        "start_time_seconds": "1715485115",
        "python_version": "3.10.11 (tags/v3.10.11:7d4cc5a, Apr  5 2023, 00:38:17) [MSC v.1929 64 bit (AMD64)]",
        "command_line_arguments": "C:\\Users\\rcas2\\Monografia\\venv\\Scripts\\mlagents-learn --run-id=Test2",
        "mlagents_version": "1.0.0",
        "mlagents_envs_version": "1.0.0",
        "communication_protocol_version": "1.5.0",
        "pytorch_version": "2.2.2+cu121",
        "numpy_version": "1.22.0",
        "end_time_seconds": "1715485213"
    },
    "total": 97.92771570000332,
    "count": 1,
    "self": 0.006011100020259619,
    "children": {
        "run_training.setup": {
            "total": 0.023580499982926995,
            "count": 1,
            "self": 0.023580499982926995
        },
        "TrainerController.start_learning": {
            "total": 97.89812410000013,
            "count": 1,
            "self": 0.03273490015999414,
            "children": {
                "TrainerController._reset_env": {
                    "total": 16.81877079998958,
                    "count": 1,
                    "self": 16.81877079998958
                },
                "TrainerController.advance": {
                    "total": 80.9323613998422,
                    "count": 2021,
                    "self": 0.0279827993363142,
                    "children": {
                        "env_step": {
                            "total": 80.73827550039277,
                            "count": 2021,
                            "self": 77.01299500145251,
                            "children": {
                                "SubprocessEnvManager._take_step": {
                                    "total": 3.701692699280102,
                                    "count": 2021,
                                    "self": 0.11278449874953367,
                                    "children": {
                                        "TorchPolicy.evaluate": {
                                            "total": 3.588908200530568,
                                            "count": 2021,
                                            "self": 3.588908200530568
                                        }
                                    }
                                },
                                "workers": {
                                    "total": 0.023587799660163,
                                    "count": 2020,
                                    "self": 0.0,
                                    "children": {
                                        "worker_root": {
                                            "total": 22.52974989969516,
                                            "count": 2020,
                                            "is_parallel": true,
                                            "self": 9.92404700021143,
                                            "children": {
                                                "steps_from_proto": {
                                                    "total": 0.0009985000069718808,
                                                    "count": 1,
                                                    "is_parallel": true,
                                                    "self": 0.0008602000016253442,
                                                    "children": {
                                                        "_process_rank_one_or_two_observation": {
                                                            "total": 0.00013830000534653664,
                                                            "count": 2,
                                                            "is_parallel": true,
                                                            "self": 0.00013830000534653664
                                                        }
                                                    }
                                                },
                                                "UnityEnvironment.step": {
                                                    "total": 12.60470439947676,
                                                    "count": 2020,
                                                    "is_parallel": true,
                                                    "self": 0.1318515991733875,
                                                    "children": {
                                                        "UnityEnvironment._generate_step_input": {
                                                            "total": 0.12325520036392845,
                                                            "count": 2020,
                                                            "is_parallel": true,
                                                            "self": 0.12325520036392845
                                                        },
                                                        "communicator.exchange": {
                                                            "total": 12.023515800072346,
                                                            "count": 2020,
                                                            "is_parallel": true,
                                                            "self": 12.023515800072346
                                                        },
                                                        "steps_from_proto": {
                                                            "total": 0.3260817998670973,
                                                            "count": 2020,
                                                            "is_parallel": true,
                                                            "self": 0.13322510060970671,
                                                            "children": {
                                                                "_process_rank_one_or_two_observation": {
                                                                    "total": 0.19285669925739057,
                                                                    "count": 4040,
                                                                    "is_parallel": true,
                                                                    "self": 0.19285669925739057
                                                                }
                                                            }
                                                        }
                                                    }
                                                }
                                            }
                                        }
                                    }
                                }
                            }
                        },
                        "trainer_advance": {
                            "total": 0.16610310011310503,
                            "count": 2020,
                            "self": 0.03800139983650297,
                            "children": {
                                "process_trajectory": {
                                    "total": 0.12810170027660206,
                                    "count": 2020,
                                    "self": 0.12810170027660206
                                }
                            }
                        }
                    }
                },
                "TrainerController._save_models": {
                    "total": 0.11425700000836514,
                    "count": 1,
                    "self": 0.01652580001973547,
                    "children": {
                        "RLTrainer._checkpoint": {
                            "total": 0.09773119998862967,
                            "count": 1,